Time to Maturity,Call Price,Put Price,Call Theta
0.1,70.63935849887844,55.684268633716556,-1.071751774654466
0.1191919191919192,77.88179288632568,60.06678309153153,-0.9992037529438884
0.1383838383838384,84.67459468314246,64.00295630446635,-0.9423176123897564
0.1575757575757576,91.10866283840596,67.58368343374468,-0.8961581242213884
0.17676767676767677,97.24782072298854,70.87278406674523,-0.8577240062529736
0.19595959595959594,103.13891593907488,73.91710202651302,-0.8250713722318622
0.21515151515151515,108.81753820657082,76.75222325816253,-0.7968784594423962
0.23434343434343433,114.31147654067331,79.40593300644582,-0.7722110455493465
0.2535353535353535,119.64292069900307,81.90041726287586,-0.7503876361552598
0.2727272727272727,124.82992305626931,84.25372464038946,-0.7308978655245776
0.2919191919191919,129.88740363122906,86.48077140029955,-0.7133509459410952
0.3111111111111111,134.82786150247148,88.59405286807669,-0.6974419076347196
0.3303030303030303,139.66189109647735,90.60415972140106,-0.6829288010151245
0.3494949494949495,144.39856502246175,92.52016082500245,-0.6696168886149637
0.3686868686868686,149.0457233357065,94.3498924939862,-0.657347427660631
0.3878787878787878,153.61019574789862,96.10018070416777,-0.6459895467212439
0.407070707070707,158.09797485433273,97.7770143192688,-0.6354342559686939
0.42626262626262623,162.5143529605366,99.38568191753939,-0.6255899589358528
0.44545454545454544,166.86403144087353,100.93088115035425,-0.6163790403323293
0.46464646464646464,171.1512090813742,102.41680708504032,-0.607735237762896
0.48383838383838385,175.37965414099335,103.84722426612768,-0.5996015930506962
0.503030303030303,179.55276365457303,105.22552601831012,-0.5919288379345632
0.5222222222222221,183.67361263378166,106.55478364737542,-0.5846741093402192
0.5414141414141413,187.7449951925039,107.83778756559343,-0.5777999175557816
0.5606060606060606,191.76945915961232,109.07708190448352,-0.5712733105105666
0.5797979797979798,195.74933539671179,110.27499383254928,-0.5650651915842266
0.598989898989899,199.68676277824397,111.43365853538421,-0.5591497586926428
0.6181818181818182,203.5837095932893,112.55504061746478,-0.5535040399702825
0.6373737373737373,207.4419919761367,113.64095253271603,-0.5481075069878543
0.6565656565656565,211.2632898546301,114.69307053285343,-0.5429417506560331
0.6757575757575757,215.0491608129421,115.71294853015286,-0.5379902081533526
0.6949494949494949,218.8010521926492,116.70203019851874,-0.5332379316499134
0.7141414141414141,222.52031169816019,117.66165957890962,-0.5286713914721627
0.7333333333333333,226.20819672635412,118.59309040897085,-0.5242783078078692
0.7525252525252525,229.86588260307667,119.49749435952344,-0.5200475061869382
0.7717171717171717,233.49446987902297,120.37596833044711,-0.5159687928683759
0.7909090909090909,237.0949908130251,121.22954093395754,-0.5120328469726207
0.81010101010101,240.66841515064766,122.0591782732015,-0.508231126763707
0.8292929292929292,244.21565528948236,122.86578910754292,-0.504555787939077
0.8484848484848484,247.73757090883214,123.65022948224635,-0.5009996121505219
0.8676767676767676,251.2349731301258,124.41330688888263,-0.49755594427621697
0.8868686868686868,254.7086282648902,125.15578401329867,-0.49421863720546383
0.906060606060606,258.15926119916367,125.878382120026,-0.49098200309563333
0.9252525252525252,261.58755845652945,126.5817841153073,-0.4878407702235917
0.9444444444444443,264.99417097627634,127.2666373252556,-0.4847900446884201
0.9636363636363635,268.3797166384097,127.93355602085853,-0.48182527633385697
0.9828282828282827,271.7447825631309,128.5831237174516,-0.47894222835189276
1.002020202020202,275.08992720891206,129.21589527279082,-0.47613695010672225
1.0212121212121212,278.4156822903119,129.83239880486303,-0.47340575278355085
1.0404040404040404,281.72255453409775,130.4331374480031,-0.4707451875217488
1.0595959595959596,285.0110272900188,131.01859096366047,-0.4681520257383393
1.0787878787878789,288.28156201066076,131.58921722025207,-0.4656232413872335
1.097979797979798,291.53459961315434,132.1454535548645,-0.46315599493315995
1.1171717171717173,294.77056173405686,132.68771802813023,-0.46074761884786153
1.1363636363636365,297.9898518874652,133.2164105823383,-0.45839560446061905
1.1555555555555557,301.19285653533143,133.7319141117415,-0.4560975900161802
1.1747474747474747,304.37994607796554,134.23459545305786,-0.4538513498112599
1.1939393939393939,307.55147577188654,134.72480630331575,-0.4516547842963772
1.213131313131313,310.70778658142035,135.20288407144574,-0.4495059110432975
1.2323232323232323,313.8492059697967,135.6691526693745,-0.4474028564900419
1.2515151515151515,316.9760486349119,136.1239232477834,-0.4453438483856015
1.2707070707070707,320.088617194416,136.56749488118794,-0.44332720886535043
1.2898989898989899,323.1872028243181,137.0001552065412,-0.4413513480958873
1.309090909090909,326.272085854908,137.42218101915,-0.439414758434797
1.3282828282828283,329.34353632742705,137.83383882934118,-0.4375160090567591
1.3474747474747475,332.40181451459966,138.2353853829884,-0.4356537410026405
1.3666666666666667,335.4471714078536,138.62706814872536,-0.43382666261279174
1.385858585858586,338.4798491737861,139.00912577441238,-0.4320335453098166
1.405050505050505,341.5000815822277,139.3817885151915,-0.43027321969965093
1.4242424242424243,344.50809440802414,139.74527863526407,-0.4285445719629532
1.4434343434343435,347.5041058084794,140.09981078533065,-0.42684654051161175
1.4626262626262627,350.48832667824126,140.44559235747204,-0.42517811288765994
1.481818181818182,353.46096098325506,140.7828238190956,-0.4235383228841098
1.501010101010101,356.42220607526565,141.11169902743495,-0.42192624786918187
1.52020202020202,359.37225298824046,141.43240552597024,-0.42034100629717436
1.5393939393939393,362.3112867179698,141.74512482401883,-0.41878175539078416
1.5585858585858585,365.239486485985,142.0500326606524,-0.41724768898110165
1.5777777777777777,368.1570259888638,142.34729925399688,-0.41573803549276306
1.596969696969697,371.06407363389644,142.63708953689445,-0.4142520560628751
1.6161616161616161,373.9607927620141,142.91956337982583,-0.41278904278334566
1.6353535353535353,376.8473418588055,143.19487580192447,-0.4113483170571711
1.6545454545454545,379.7238747543979,143.46317717084958,-0.4099292280600522
1.6737373737373737,382.59054081290196,143.7246133922315,-0.4085311512994583
1.692929292929293,385.44748511208763,143.97932608933775,-0.407153487263933
1.7121212121212122,388.29484861389165,144.22745277357876,-0.40579566015603785
1.7313131313131314,391.1327683263278,144.46912700641315,-0.4044571167028858
1.7505050505050506,393.96137745731244,144.7044785531707,-0.40313732503871536
1.7696969696969698,396.78080556091527,144.93363352929168,-0.4018357736544039
1.7888888888888888,399.5911786764525,145.15671453942468,-0.4005519704092392
1.808080808080808,402.3926194608773,145.37384080980723,-0.39928544160063356
1.8272727272727272,405.1852473148415,145.5851283143212,-0.39803573108781215
1.8464646464646464,407.96917850279124,145.7906898945895,-0.396802399465814
1.8656565656565656,410.7445262674505,145.99063537444954,-0.39558502328643014
1.8848484848484848,413.51140093899767,146.18507166913048,-0.39438319432295954
1.904040404040404,416.2699100392381,146.37410288941544,-0.3931965188759025
1.9232323232323232,419.02015838104853,146.5578304410874,-0.3920246171169249
1.9424242424242424,421.762248163353,146.7363531198962,-0.39086712246862776
1.9616161616161616,424.49627906187243,146.90976720230515,-0.38972368101783644
1.9808080808080808,427.22234831587434,147.0781665322363,-0.38859395096028954
2.0,429.9405508111395,147.24164260403336,-0.387477602074763
