Spot Price,Call Price,Put Price,Call Delta,Gamma
1800.0,17.053314523136947,571.4646484837588,0.10702232127004874,0.0005121100800556143
1814.141414141414,18.618665363643856,558.8885851828518,0.1144123058316473,0.0005330237820274115
1828.2828282828282,20.29060746763838,546.419113145432,0.12209700144767477,0.0005537805286498759
1842.4242424242425,22.07329075362449,534.0603822900041,0.13007376062667209,0.0005743198954386841
1856.5656565656566,23.970821680976485,521.8164990759421,0.13833908625072067,0.0005945822015148561
1870.7070707070707,25.987251320484177,509.6915145740354,0.14688864444019684,0.0006145088395929322
1884.8484848484848,28.126563639347125,497.68941275148404,0.15571728198416107,0.0006340425913145948
1898.989898989899,30.392664063648226,485.8140990343711,0.16481904811321357,0.0006531279257171866
1913.1313131313132,32.78936837795385,474.0693892072627,0.17418722036226142,0.0006717112788943362
1927.2727272727273,35.3203920179476,462.45899870584253,0.18381433424510457,0.0006897413131809844
1941.4141414141413,37.98933980790133,450.9865323543818,0.19369221644114037,0.0007071691544735104
1955.5555555555557,40.799696190421855,439.65547459548816,0.2038120211767947,0.0007239486065734803
1969.6969696969697,43.75481599133224,428.4691802549846,0.21416426947052608,0.0007400363417174028
1983.8383838383838,46.85791575777182,417.43086588001006,0.22473889090029003,0.0007553920667215138
1997.979797979798,50.112065702737084,406.54360168356106,0.23552526754610448,0.0007699786644273055
2012.121212121212,53.52018228435401,395.8103041237639,0.24651227975766798,0.0007837623103777992
2026.2626262626263,57.08502144321011,385.2337291412059,0.2576883533976165,0.0007967125648843277
2040.4040404040404,60.8091725161666,374.8164660727482,0.2690415082148113,0.0008088024408572335
2054.5454545454545,64.6950528402283,364.56093225539576,0.28055940700872883,0.0008200084479699602
2068.686868686869,68.74490305530946,354.4693683290625,0.2922294052553587,0.0008303106139035958
2082.8282828282827,72.96078311016504,344.54383424250454,0.30403860087671836,0.00083969248357729
2096.969696969697,77.34456897134623,334.7862059622714,0.3159738838499129,0.0008481410974088087
2111.1111111111113,81.8979500308559,325.1981728803664,0.32802198536728355,0.0008556469497686454
2125.252525252525,86.62242720421216,315.78123591230883,0.3401695262763863,0.0008622039288908316
2139.3939393939395,91.51931170693399,306.5367062736166,0.35240306454699155,0.0008678092395842287
2153.5353535353534,96.5897244940046,297.4657049192733,0.36470914153174394,0.0008724633101502441
2167.6767676767677,101.83459634373366,288.5691626275882,0.3770743268073739,0.0008761696849574296
2181.818181818182,107.25466856455034,279.8478207069902,0.38948526140403406,0.0008789349041511043
2195.959595959596,112.85049430070615,271.3022323017324,0.40192869925138236,0.0008807683719881722
2210.10101010101,118.6224404105725,262.9327642701844,0.4143915466910741,0.00088168221528469
2224.242424242424,124.5706898892571,254.73959960745492,0.4268608999262756,0.0008816911334477756
2238.3838383838383,130.69524480556777,246.72274038235128,0.4393240802994429,0.0008808122415353433
2252.5252525252527,136.9959297219665,238.8820111573359,0.4517686673097429,0.0008790649077481951
2266.6666666666665,143.47239556503348,231.21706285898904,0.4641825293010406,0.0008764705867104833
2280.808080808081,150.12412391312887,223.72737706566954,0.47655385177014825,0.0008730526498377499
2294.949494949495,156.95043166733956,216.41227067846626,0.488871163262963,0.000868836214027926
2309.090909090909,163.95047607148433,209.27090094119717,0.5011233588431084,0.0008638479698410007
2323.2323232323233,171.12326004682723,202.30227077512586,0.5132997211336551,0.0008581160102587762
2337.3737373737376,178.46763780727042,195.50523439415474,0.5253899389473795,0.0008516696610382664
2351.5151515151515,185.98232072112205,188.87850316659296,0.5373841235347967,0.0008445393135919481
2365.656565656566,193.6658833860322,182.42065169008833,0.5492728224918187,0.0008367562612461823
2379.7979797979797,201.51676988435383,176.13012404699612,0.5610470313803304,0.0008283525396466249
2393.939393939394,209.533300187044,170.00524020827208,0.5726982031252997,0.0008193607719970969
2408.0808080808083,217.71367667514664,164.04420255496007,0.584218255261124,0.0008098140197369978
2422.222222222222,226.05599074901693,158.24510248741672,0.5955995751079474,0.0007997456391825121
2436.3636363636365,234.55822949662343,152.6059270936089,0.6068350229655295,0.0007891891445792137
2450.5050505050503,243.21828239354022,147.1245658491116,0.6179179334180547,0.0007781780779386849
2464.6464646464647,252.03394800861724,141.79881732277454,0.6288421148480314,0.0007667458859598703
2478.787878787879,261.0029406907054,136.62639586344847,0.6396018472611833,0.000754925804267459
2492.929292929293,270.12289721330035,131.60493824462947,0.6501918785270706,0.0007427507491348863
2507.070707070707,279.39138335544703,126.73201024536172,0.6606074191421071,0.0007302532167988175
2521.212121212121,288.80590039877325,122.00511314727385,0.6708441356227446,0.0007174651904153861
2535.3535353535353,298.36389152204447,117.4216901291311,0.6808981426369399,0.0007044180546560781
2549.4949494949497,308.06274807616364,112.97913254183618,0.6907659939816309,0.0006911425178931251
2563.6363636363635,317.8998157240428,108.67478604830114,0.7004446725129425,0.0006776685418804735
2577.777777777778,327.87240043129736,104.50595661414161,0.7099315791342168,0.0006640252787969665
2591.9191919191917,337.977774295156,100.46991633658627,0.7192245209448214,0.0006502410154830976
2606.060606060606,348.2131812004395,96.56390910045525,0.7283216986500957,0.0006363431246715597
2620.2020202020203,358.5758422928484,92.78515605145014,0.7372216933297536,0.0006223580229846765
2634.3434343434346,369.06296126115853,89.13086087834597,0.7459234526586964,0.000608311135448505
2648.4848484848485,379.67172942121783,85.5982148969913,0.7544262766705015,0.0005942268662537731
2662.626262626263,390.3993305959027,82.18440193026197,0.7627298031499248,0.0005801285754776894
2676.7676767676767,401.24294578636,78.88660297930517,0.7708339927366059,0.0005660385614678465
2690.909090909091,412.19975763101866,75.70200068254951,0.7787391138178821,0.0005519780485796811
2705.0505050505053,423.26695464990826,72.62778356002468,0.7864457272841895,0.0005379671799521214
2719.191919191919,434.4417352728317,69.66115004153471,0.7939546712160438,0.0005240250150018526
2733.3333333333335,445.7213116508967,66.79931227818508,0.8012670455670583,0.0005101695313149003
2747.4747474747473,457.102913251759,64.03949973763338,0.8083841969029086,0.0004964176306147395
2761.6161616161617,468.5837902397907,61.3789625842507,0.8153077032516485,0.0004827851484886421
2775.757575757576,480.1612166430891,58.81497484613516,0.822039359116282,0.000469286867558355
2789.89898989899,491.83249330997614,56.34483737160815,0.8285811606961302,0.0004559365337871271
2804.040404040404,503.594950658226,53.96588057844389,0.834935291359197,0.00044274687562251524
2818.181818181818,515.4459512208591,51.675466999663115,0.8411041074035702,0.00042972962568300286
2832.3232323232323,527.3828919928244,49.47099363021397,0.8470901241418182,0.0004168955447061568
2846.4646464646466,539.4032065833601,47.34989407933551,0.8528960023384289,0.0004042544474866219
2860.606060606061,551.5043671792127,45.309640533773745,0.8585245350265798,0.00039181523054354915
2874.747474747475,563.6838863242472,43.34774553739413,0.8639786347269193,0.00037958590126896917
2888.8888888888887,575.9393185212671,41.46176359300023,0.8692613210876209,0.00036757360832095166
2903.030303030303,588.268261662125,39.64929259244428,0.874375708961717,0.000355784673038071
2917.1717171717173,600.6683582923981,37.907975081302595,0.8793249969346488,0.00034422462166458143
2931.3131313131316,613.1372967170694,36.23549936456021,0.8841124563120877,0.00033289821818866823
2945.4545454545455,625.6728119537879,34.62960045986449,0.8887414205753741,0.00032180949760915066
2959.5959595959594,638.272686540339,33.08806090500195,0.893215275309406,0.00031096179945889617
2973.7373737373737,650.9347512030492,31.60871142629742,0.897537448605466,0.00030035780142597665
2987.878787878788,663.6568853928213,30.189431474655578,0.9017114019393186,0.000289999552926104
3002.0202020202023,676.4370176955399,28.82814963595979,0.9057406215229291,0.000279888508492133
3016.161616161616,689.2731261234949,27.52284392250084,0.9096286101263353,0.0002700255608583185
3030.30303030303,702.1632382944567,26.271541952048267,0.9133788793645601,0.0002604110736285485
3044.4444444444443,715.1054315049237,25.07232102110143,0.9169949424429624,0.0002510449134288797
3058.5858585858587,728.0978327039784,23.923308078741712,0.9204803073530948,0.00024192648145537142
3072.727272727273,741.138618374051,22.82267960740029,0.9238384705099465,0.00023305474433840635
3086.868686868687,754.22601432477,21.768661416705157,0.9270729108204051,0.00022442826425441017
3101.010101010101,767.3582954059148,20.75952835643534,0.9301870841718616,0.0002160452282250814
3115.151515151515,780.5337851453282,19.793603954435383,0.9331844183290956,0.00020790347655295989
3129.2929292929293,793.7508553174871,18.869259985179696,0.9360683082269174,0.00020000053035034546
3143.4343434343436,807.0079254482098,17.98491597448802,0.9388421116454819,0.00019233361812627457
3157.5757575757575,820.3034622608452,17.139038645709974,0.9415091452547524,0.00018489970140342807
3171.717171717172,833.6359790690531,16.330141312503315,0.9440726810142335,0.00017769549934352764
3185.8585858585857,847.0040351210905,15.556783223127042,0.946535942913838,0.0001707175123659607
3200.0,860.4062349003493,14.817568860971392,0.9489021040415764,0.00016396204475007395
