Strike Price,Call Price,Put Price
2000.0,631.787384368941,15.316451537438695
2010.1010101010102,623.1904442496771,16.232284484681912
2020.20202020202,614.6349692038843,17.189582505397027
2030.3030303030303,606.1220946784406,18.189481046460827
2040.4040404040404,597.6529540463991,19.233113480926733
2050.5050505050503,589.2286772871525,20.32160978818763
2060.6060606060605,580.8503896675334,21.456095235076276
2070.7070707070707,572.5192104269204,22.63768906097016
2080.808080808081,564.2362514693677,23.86750316992564
2090.909090909091,556.0026160657417,25.146640832807037
2101.010101010101,547.8193975687304,26.4761954023038
2111.1111111111113,539.6876781435851,27.85724904366606
2121.212121212121,531.6085275173032,29.29087148389101
2131.313131313131,523.583001748917,30.778118782012427
2141.4141414141413,515.6121420234372,32.32003212304022
2151.5151515151515,507.69697347188367,33.91763663799429
2161.6161616161617,499.838504019752,35.571940252370325
2171.717171717172,492.03772326612125,37.28393256524777
2181.818181818182,484.29560139551086,39.054583761144215
2191.9191919191917,476.6130881244403,40.88484355658096
2202.020202020202,468.9911116845615,42.775640183209646
2212.121212121212,461.43057784405187,44.7278794092075
2222.222222222222,453.9323689688608,46.742443600524666
2232.3232323232323,446.4973431252522,48.82019082342356
2242.4242424242425,439.1263332249439,50.96195398962294
2252.5252525252527,431.82014621402845,53.16854004521463
2262.6262626262624,424.57956230669674,55.44072920439055
2272.7272727272725,417.4053342646778,57.779274228879046
2282.8282828282827,410.2981867231422,60.1848997538508
2292.929292929293,403.2588155637154,62.658301660931954
2303.030303030303,396.2878873350894,65.20014649881375
2313.131313131313,389.3860387216041,67.81107095183597
2323.2323232323233,382.55387606004115,70.49168135678053
2333.3333333333335,375.79197490474826,73.24255326799528
2343.4343434343436,369.1008796410929,76.06423107084777
2353.5353535353534,362.4811031471222,78.95722764338427
2363.6363636363635,355.9331265032001,81.92202406596971
2373.7373737373737,349.457398749282,84.9590693785592
2383.838383838384,343.0543366893771,88.06878038516174
2393.939393939394,336.72432474265634,91.2515415049487
2404.040404040404,330.46771484056626,94.50770466936649
2414.1414141414143,324.28482636921376,97.83758926452117
2424.242424242424,318.1759461562099,101.2414821180248
2434.343434343434,312.1413285010783,104.71963752940098
2444.4444444444443,306.18119524824897,108.2722773430794
2454.5454545454545,300.295735901605,111.89959106294259
2464.6464646464647,294.4851077794715,115.60173600731707
2474.747474747475,288.749436208886,119.37883750323897
2484.848484848485,283.08881475792236,123.2309891187831
2494.9494949494947,277.50330550481294,127.15825293218086
2505.050505050505,271.9929393425409,131.16065983641658
2515.151515151515,266.5577163175676,135.2382098779509
2525.252525252525,261.19760600129325,139.39087262818418
2535.3535353535353,255.91254789284972,143.61858758624828
2545.4545454545455,250.70245185177805,147.92126461168425
2555.5555555555557,245.5671985591357,152.29878438554897
2565.6565656565654,240.50664000555503,156.75099889847627
2575.757575757576,235.52060000477627,161.2777319642048
2585.8585858585857,230.60887473115008,165.87877975708545
2595.959595959596,225.77123327962454,170.5539113720679
2606.060606060606,221.00741824672355,175.30286940567453
2616.161616161616,216.31714633101615,180.12537055647476
2626.2626262626263,211.7001089516084,185.02110624357465
2636.3636363636365,207.1559728831828,189.9897432416567
2646.4646464646466,202.68438090612858,195.0309243311101
2656.5656565656564,198.2849524703306,200.14426896181953
2666.6666666666665,193.9572843711992,205.3293739291953
2676.7676767676767,189.70095143654453,210.5858140610485
2686.868686868687,185.51550722293382,215.9131429139452
2696.969696969697,181.40048472018384,221.31089347770308
2707.070707070707,177.35539706268924,226.7785788867161
2717.1717171717173,173.3797382462958,232.3156931368303
2727.272727272727,169.4729838494875,237.92171180652917
2737.373737373737,165.6345917576648,243.59609278121434
2747.4747474747473,161.8640028893542,249.33827697941115
2757.5757575757575,158.16064192320118,255.147689079766
2767.6767676767677,154.52391802465922,261.0237382477312
2777.777777777778,150.95322557131215,266.9658188608919
2787.878787878788,147.44794487581623,272.97331123190384
2797.9797979797977,144.0074429054864,279.0455823280811
2808.0808080808083,140.63107399758712,285.18198648668977
2818.181818181818,137.3181805694453,291.38186612505524
2828.282828282828,134.06809382252436,297.64455244464193
2838.3838383838383,130.88013443965895,303.96936612828426
2848.4848484848485,127.75361327468158,310.3556180298144
2858.5858585858587,124.68783203371561,316.8026098553562
2868.6868686868684,121.68208394745466,323.30963483560254
2878.787878787879,118.73565443378686,329.8759783884427
2888.8888888888887,115.84782175016562,336.50091877132877
2898.989898989899,113.01785763516398,343.18372772283465
2909.090909090909,110.24502793869863,349.9236710928767
2919.191919191919,107.52859324043982,356.72000946112576
2929.2929292929293,104.867809455969,363.57199874316234
2939.3939393939395,102.26192843027832,370.4788907839793
2949.4949494949497,99.71019851824929,377.43993393845744
2959.5959595959594,97.21186515177544,384.45437363849146
2969.6969696969695,94.76617139324378,391.52145294646675
2979.7979797979797,92.3723584751026,398.6404130948331
2989.89898989899,90.02966632530013,405.8104940115388
3000.0,87.73733407838915,413.030934831135
