Volatility,Call Price,Put Price,Vega
0.1,186.48305559162372,40.89438955224557,807.4308991697858
0.10404040404040404,189.76814448427012,44.17947844489197,818.4919337498789
0.10808080808080808,193.09564793048025,47.50698189110233,828.4504112736535
0.11212121212121212,196.46139109539536,50.872725056017316,837.4413868904293
0.11616161616161616,199.86170456406194,54.27303852468401,845.5805509710772
0.1202020202020202,203.29335252236933,57.70468648299129,852.9673131862045
0.12424242424242425,206.75347231286082,61.16480627348267,859.687364875583
0.12828282828282828,210.23952344092027,64.65085740154211,865.814808233863
0.13232323232323234,213.74924443726104,68.16057839788311,871.4139274440736
0.13636363636363635,217.2806162607535,71.69195022137546,876.5406645173682
0.14040404040404042,220.83183115673978,75.24316511736163,881.2438517553779
0.14444444444444446,224.4012660765918,78.81260003721366,885.5662435344938
0.1484848484848485,227.98745992076374,82.3987938813857,889.5453824187421
0.15252525252525254,231.58909399578806,86.00042795641002,893.2143282604676
0.15656565656565657,235.20497518060188,89.61630914122361,896.6022737473595
0.1606060606060606,238.83402138350425,93.24535534412621,899.7350656108995
0.16464646464646465,242.47524894146545,96.88658290208718,902.6356472564828
0.1686868686868687,246.12776167131005,100.53909563193201,905.3244357648825
0.17272727272727273,249.79074132984397,104.20207529046593,907.8196439278657
0.17676767676767677,253.4634392791836,107.87477323980545,910.1375561183185
0.1808080808080808,257.14516918592994,111.55650314655168,912.2927652762743
0.18484848484848487,260.8353006096618,115.24663457028362,914.2983770511928
0.18888888888888888,264.53325335850286,118.94458731912471,916.166186124719
0.19292929292929295,268.23849250808144,122.64982646870328,917.9068289043195
0.19696969696969696,271.9505239957018,126.36185795632355,919.5299160922814
0.20101010101010103,275.66889071452033,130.0802246751423,921.0441480689044
0.20505050505050504,279.3931690434322,133.8045030040539,922.4574155610366
0.2090909090909091,283.1229657575334,137.53429971815524,923.7768876794158
0.21313131313131314,286.85791527178844,141.2692492324104,925.0090890860562
0.21717171717171718,290.59767717707905,145.00901113770112,926.1599677844057
0.22121212121212122,294.3419340333746,148.75326799399647,927.2349548006587
0.22525252525252526,298.09038938950835,152.50172335013008,928.2390168366805
0.2292929292929293,301.8427660030684,156.25409996369035,929.1767028171827
0.23333333333333334,305.59880423737627,160.01013819799823,930.0521851209168
0.23737373737373738,309.35826061546913,163.7695945760912,930.8692961734989
0.24141414141414141,313.1209065135622,167.53224047418428,931.6315609846027
0.24545454545454545,316.88652697863654,171.29786093925838,932.34222613177
0.2494949494949495,320.6549196566939,175.06625361731562,933.0042856246887
0.2535353535353535,324.4258938198561,178.8372277804781,933.6205040254885
0.25757575757575757,328.1992694818914,182.61060344251337,934.1934371508293
0.26161616161616164,331.9748765929803,186.38621055360215,934.7254506389469
0.2656565656565657,335.7525543056115,190.16388826623347,935.2187366282815
0.2696969696969697,339.5321503044174,193.94348426503927,935.6753287629017
0.2737373737373737,343.3135201935763,197.72485415419828,936.0971157128834
0.2777777777777778,347.0965269361252,201.50786089674727,936.4858533744491
0.28181818181818186,350.88104034014486,205.29237430076705,936.8431758944914
0.28585858585858587,354.66693658733084,209.0782705479529,937.1706056466002
0.2898989898989899,358.4540977999425,212.86543176056443,937.4695622705316
0.29393939393939394,362.2424116425534,216.65374560317514,937.7413708738526
0.297979797979798,366.03177095539445,220.44310491601664,937.987269482982
0.302020202020202,369.82207341641924,224.2334073770411,938.2084158208163
0.30606060606060603,373.61322122950514,228.0245551901271,938.4058934793396
0.3101010101010101,377.40512083648173,231.81645479710392,938.5807175479387
0.31414141414141417,381.1976826508876,235.6090166115098,938.7338397513897
0.3181818181818182,384.99082081157985,239.40215477220158,938.8661531455707
0.3222222222222222,388.7844529544934,243.1957869151155,938.9784964137266
0.32626262626262625,392.57850000102326,246.9898339616451,939.0716578015303
0.3303030303030303,396.3728859616242,250.78421992224617,939.1463787251218
0.3343434343434344,400.16753775339066,254.57887171401273,939.2033570827216
0.3383838383838384,403.96238503045697,258.37371899107893,939.2432502972442
0.3424242424242424,407.7573600261926,262.1686939868147,939.2666781145266
0.3464646464646465,411.552397406248,265.96373136686987,939.2742251792796
0.35050505050505054,415.34743413159026,269.7587680922122,939.2664434086639
0.3545454545454545,419.1424093307535,273.55374329137544,939.2438541814063
0.35858585858585856,422.9372641805876,277.34859814120955,939.206950358616
0.36262626262626263,426.731941794857,281.1432757554793,939.1561981508897
0.3666666666666667,430.526387120095,284.937721080717,939.0920388448893
0.37070707070707076,434.3205468381698,288.73188079879174,939.0148904013204
0.3747474747474747,438.11436927506793,292.52570323569,938.9251489351183
0.3787878787878788,441.9078043154343,296.31913827605626,938.823190087635
0.38282828282828285,445.70080332245584,300.1121372830779,938.7093702997214
0.3868686868686869,449.49331906269913,303.904653023321,938.5840279937792
0.3909090909090909,453.2853056355557,307.6966395961774,938.4474846721347
0.39494949494949494,457.07671840696685,311.4880523675887,938.3000459384149
0.398989898989899,460.8675139471279,315.2788479077501,938.1420024480257
0.40303030303030307,464.65764997190263,319.0689839325246,937.973630793287
0.407070707070707,468.44708528768683,322.8584192483087,937.7951943282968
0.4111111111111111,472.2357797394932,326.64711370011526,937.606943938162
0.41515151515151516,476.0236941620394,330.4350281226615,937.4091187568325
0.4191919191919192,479.81079033363653,334.2221242942584,937.2019468374208
0.4232323232323232,483.59703093269786,338.0083648933198,936.9856457785567
0.42727272727272725,487.3823794966968,341.79371345731874,936.7604233100385
0.4313131313131313,491.1668003834088,345.578134344031,936.526477840772
0.4353535353535354,494.9502587343027,349.36159269492464,936.2839989717347
0.43939393939393945,498.73272043992984,353.1440544005518,936.0331679764977
0.4434343434343434,502.51415210720165,356.9254860678234,935.7741582516175
0.44747474747474747,506.29452102842424,360.7058549890462,935.5071357390376
0.45151515151515154,510.07379515198704,364.4851291126091,935.2322593224668
0.4555555555555556,513.8519430546055,368.2632770152276,934.9496811995433
0.45959595959595956,517.6289339150205,372.04026787564226,934.6595472314634
0.4636363636363636,521.4047374890658,375.8160714496879,934.3619972716114
0.4676767676767677,525.1793240860272,379.5906580466493,934.0571654746221
0.47171717171717176,528.952664546209,383.36399850683074,933.7451805871941
0.4757575757575757,532.7247302196404,387.13606418026257,933.4261662218662
0.4797979797979798,536.4954929458638,390.90682690648566,933.1002411148958
0.48383838383838385,540.2649250347213,394.67625899534323,932.7675193692738
0.4878787878787879,544.0329992481065,398.44433320872884,932.4281106838553
0.491919191919192,547.7996887826096,402.2110227432315,932.0821205694933
0.49595959595959593,551.5649672530105,405.9763012136327,931.7296505530186
0.5,555.3288086765781,409.74014263720005,931.3707983698336
